stage,target_eta,target_Gc,tp_corrected_seconds,valid_falloff_end_elapsed,valid_falloff_end_elapsed_source,current_max_available_Gc,required_tp_multiplier,required_tp_seconds,tp_reduction_fraction,reachability_status,reachability_class,tp_reachability_interpretation
1,0.1,0.22222222222222224,10417.0,1199.9999999999989,inferred_from_current_max_available_Gc,0.2217050830220314,0.9974239975497194,10390.165782475427,0.0025760024502805567,ok,plausible_tp_correction_0p6_to_1p0,possibly_explainable_by_fracture_initiation_timing_review_stage1_old_ppt_reference_0p67
1,0.15,0.35294117647058826,10417.0,1199.9999999999989,inferred_from_current_max_available_Gc,0.2217050830220314,0.5932616098197244,6180.006189492069,0.4067383901802756,ok,aggressive_tp_correction_0p3_to_0p6,requires_aggressive_tp_shortening_manual_initiation_review
1,0.2,0.5,10417.0,1199.9999999999989,inferred_from_current_max_available_Gc,0.2217050830220314,0.39661376368710793,4131.525576328603,0.6033862363128921,ok,aggressive_tp_correction_0p3_to_0p6,requires_aggressive_tp_shortening_manual_initiation_review
1,0.3,0.8571428571428572,10417.0,1199.9999999999989,inferred_from_current_max_available_Gc,0.2217050830220314,0.2072834504341624,2159.2717031726697,0.7927165495658376,ok,extreme_tp_correction_lt_0p3,unlikely_explained_by_initiation_timing_alone
1,0.4,1.3333333333333335,10417.0,1199.9999999999989,inferred_from_current_max_available_Gc,0.2217050830220314,0.11815389320741497,1230.8091055416417,0.881846106792585,ok,extreme_tp_correction_lt_0p3,unlikely_explained_by_initiation_timing_alone
2,0.1,0.22222222222222224,10367.0,969.9999999999993,inferred_from_current_max_available_Gc,0.1835561984817438,0.8101396103823967,8398.717340834306,0.18986038961760332,ok,plausible_tp_correction_0p6_to_1p0,possibly_explainable_by_fracture_initiation_timing_review_stage1_old_ppt_reference_0p67
2,0.15,0.35294117647058826,10367.0,969.9999999999993,inferred_from_current_max_available_Gc,0.1835561984817438,0.4818660174759099,4995.505003172758,0.51813398252409,ok,aggressive_tp_correction_0p3_to_0p6,requires_aggressive_tp_shortening_manual_initiation_review
2,0.2,0.5,10367.0,969.9999999999993,inferred_from_current_max_available_Gc,0.1835561984817438,0.3221423594931631,3339.649840865622,0.6778576405068368,ok,aggressive_tp_correction_0p3_to_0p6,requires_aggressive_tp_shortening_manual_initiation_review
2,0.3,0.8571428571428572,10367.0,969.9999999999993,inferred_from_current_max_available_Gc,0.1835561984817438,0.1683622353041293,1745.4112933979086,0.8316377646958707,ok,extreme_tp_correction_lt_0p3,unlikely_explained_by_initiation_timing_alone
2,0.4,1.3333333333333335,10367.0,969.9999999999993,inferred_from_current_max_available_Gc,0.1835561984817438,0.09596836374838372,994.904026979494,0.9040316362516163,ok,extreme_tp_correction_lt_0p3,unlikely_explained_by_initiation_timing_alone
3,0.1,0.22222222222222224,10077.0,1242.9999999999995,inferred_from_current_max_available_Gc,0.2358081960607745,1.0,10077.0,0.0,already_reachable,current_reachable,current_valid_window_already_reaches_target_Gc
3,0.15,0.35294117647058826,10077.0,1242.9999999999995,inferred_from_current_max_available_Gc,0.2358081960607745,0.6352541839120974,6401.456411282205,0.3647458160879026,ok,plausible_tp_correction_0p6_to_1p0,possibly_explainable_by_fracture_initiation_timing_review_stage1_old_ppt_reference_0p67
3,0.2,0.5,10077.0,1242.9999999999995,inferred_from_current_max_available_Gc,0.2358081960607745,0.42468710027591355,4279.571909480381,0.5753128997240864,ok,aggressive_tp_correction_0p3_to_0p6,requires_aggressive_tp_shortening_manual_initiation_review
3,0.3,0.8571428571428572,10077.0,1242.9999999999995,inferred_from_current_max_available_Gc,0.2358081960607745,0.22195550321223498,2236.6456058696917,0.778044496787765,ok,extreme_tp_correction_lt_0p3,unlikely_explained_by_initiation_timing_alone
3,0.4,1.3333333333333335,10077.0,1242.9999999999995,inferred_from_current_max_available_Gc,0.2358081960607745,0.1265171279637013,1274.9130984902179,0.8734828720362987,ok,extreme_tp_correction_lt_0p3,unlikely_explained_by_initiation_timing_alone
4,0.1,0.22222222222222224,,,missing,,,,,missing_inputs,missing_inputs,missing_inputs_or_not_computed
4,0.15,0.35294117647058826,,,missing,,,,,missing_inputs,missing_inputs,missing_inputs_or_not_computed
4,0.2,0.5,,,missing,,,,,missing_inputs,missing_inputs,missing_inputs_or_not_computed
4,0.3,0.8571428571428572,,,missing,,,,,missing_inputs,missing_inputs,missing_inputs_or_not_computed
4,0.4,1.3333333333333335,,,missing,,,,,missing_inputs,missing_inputs,missing_inputs_or_not_computed
5,0.1,0.22222222222222224,10247.0,1170.9999999999993,inferred_from_current_max_available_Gc,0.2201064852617224,0.9894671717965202,10139.070109398943,0.010532828203479783,ok,plausible_tp_correction_0p6_to_1p0,possibly_explainable_by_fracture_initiation_timing_review_stage1_old_ppt_reference_0p67
5,0.15,0.35294117647058826,10247.0,1170.9999999999993,inferred_from_current_max_available_Gc,0.2201064852617224,0.5885289391931962,6030.656039912681,0.41147106080680385,ok,aggressive_tp_correction_0p3_to_0p6,requires_aggressive_tp_shortening_manual_initiation_review
5,0.2,0.5,10247.0,1170.9999999999993,inferred_from_current_max_available_Gc,0.2201064852617224,0.3934498267688752,4031.680374900664,0.6065501732311248,ok,aggressive_tp_correction_0p3_to_0p6,requires_aggressive_tp_shortening_manual_initiation_review
5,0.3,0.8571428571428572,10247.0,1170.9999999999993,inferred_from_current_max_available_Gc,0.2201064852617224,0.2056298725167689,2107.089303679331,0.7943701274832311,ok,extreme_tp_correction_lt_0p3,unlikely_explained_by_initiation_timing_alone
5,0.4,1.3333333333333335,10247.0,1170.9999999999993,inferred_from_current_max_available_Gc,0.2201064852617224,0.11721133523545615,1201.0645521577192,0.8827886647645439,ok,extreme_tp_correction_lt_0p3,unlikely_explained_by_initiation_timing_alone
6,0.1,0.22222222222222224,10065.0,1178.0,inferred_from_current_max_available_Gc,0.2249053327483524,1.0,10065.0,0.0,already_reachable,current_reachable,current_valid_window_already_reaches_target_Gc
6,0.15,0.35294117647058826,10065.0,1178.0,inferred_from_current_max_available_Gc,0.2249053327483524,0.6027527149546006,6066.706076018055,0.3972472850453994,ok,plausible_tp_correction_0p6_to_1p0,possibly_explainable_by_fracture_initiation_timing_review_stage1_old_ppt_reference_0p67
6,0.2,0.5,10065.0,1178.0,inferred_from_current_max_available_Gc,0.2249053327483524,0.40295886147666005,4055.780940762583,0.59704113852334,ok,aggressive_tp_correction_0p3_to_0p6,requires_aggressive_tp_shortening_manual_initiation_review
6,0.3,0.8571428571428572,10065.0,1178.0,inferred_from_current_max_available_Gc,0.2249053327483524,0.21059960807562572,2119.685055281173,0.7894003919243743,ok,extreme_tp_correction_lt_0p3,unlikely_explained_by_initiation_timing_alone
6,0.4,1.3333333333333335,10065.0,1178.0,inferred_from_current_max_available_Gc,0.2249053327483524,0.1200441402821705,1208.244271940046,0.8799558597178295,ok,extreme_tp_correction_lt_0p3,unlikely_explained_by_initiation_timing_alone
7,0.1,0.22222222222222224,9935.0,1274.9999999999998,inferred_from_current_max_available_Gc,0.2443586509396638,1.0,9935.0,0.0,already_reachable,current_reachable,current_valid_window_already_reaches_target_Gc
7,0.15,0.35294117647058826,9935.0,1274.9999999999998,inferred_from_current_max_available_Gc,0.2443586509396638,0.6609216483477937,6566.25657633533,0.33907835165220634,ok,plausible_tp_correction_0p6_to_1p0,possibly_explainable_by_fracture_initiation_timing_review_stage1_old_ppt_reference_0p67
7,0.2,0.5,9935.0,1274.9999999999998,inferred_from_current_max_available_Gc,0.2443586509396638,0.4418465953547202,4389.745924849145,0.5581534046452798,ok,aggressive_tp_correction_0p3_to_0p6,requires_aggressive_tp_shortening_manual_initiation_review
7,0.3,0.8571428571428572,9935.0,1274.9999999999998,inferred_from_current_max_available_Gc,0.2443586509396638,0.2309236220051297,2294.2261846209635,0.7690763779948703,ok,extreme_tp_correction_lt_0p3,unlikely_explained_by_initiation_timing_alone
7,0.4,1.3333333333333335,9935.0,1274.9999999999998,inferred_from_current_max_available_Gc,0.2443586509396638,0.13162905632994418,1307.7346746379953,0.8683709436700559,ok,extreme_tp_correction_lt_0p3,unlikely_explained_by_initiation_timing_alone
8,0.1,0.22222222222222224,14017.0,1214.9999999999984,inferred_from_current_max_available_Gc,0.1711691680490243,0.7505202864205155,10520.042854756366,0.2494797135794845,ok,plausible_tp_correction_0p6_to_1p0,possibly_explainable_by_fracture_initiation_timing_review_stage1_old_ppt_reference_0p67
8,0.15,0.35294117647058826,14017.0,1214.9999999999984,inferred_from_current_max_available_Gc,0.1711691680490243,0.44640481321685943,6257.256266860719,0.5535951867831406,ok,aggressive_tp_correction_0p3_to_0p6,requires_aggressive_tp_shortening_manual_initiation_review
8,0.2,0.5,14017.0,1214.9999999999984,inferred_from_current_max_available_Gc,0.1711691680490243,0.29843544596081256,4183.169646032709,0.7015645540391875,ok,extreme_tp_correction_lt_0p3,unlikely_explained_by_initiation_timing_alone
8,0.3,0.8571428571428572,14017.0,1214.9999999999984,inferred_from_current_max_available_Gc,0.1711691680490243,0.15597221940945474,2186.262599462327,0.8440277805905453,ok,extreme_tp_correction_lt_0p3,unlikely_explained_by_initiation_timing_alone
8,0.4,1.3333333333333335,14017.0,1214.9999999999984,inferred_from_current_max_available_Gc,0.1711691680490243,0.08890591562823084,1246.1942193609118,0.9110940843717692,ok,extreme_tp_correction_lt_0p3,unlikely_explained_by_initiation_timing_alone
9,0.1,0.22222222222222224,10701.0,1084.999999999998,inferred_from_current_max_available_Gc,0.1974885593630315,0.8779031456550657,9394.441561654858,0.12209685434493434,ok,plausible_tp_correction_0p6_to_1p0,possibly_explainable_by_fracture_initiation_timing_review_stage1_old_ppt_reference_0p67
9,0.15,0.35294117647058826,10701.0,1084.999999999998,inferred_from_current_max_available_Gc,0.1974885593630315,0.5221713481293718,5587.755596332408,0.4778286518706282,ok,aggressive_tp_correction_0p3_to_0p6,requires_aggressive_tp_shortening_manual_initiation_review
9,0.2,0.5,10701.0,1084.999999999998,inferred_from_current_max_available_Gc,0.1974885593630315,0.3490877215771525,3735.587708597109,0.6509122784228475,ok,aggressive_tp_correction_0p3_to_0p6,requires_aggressive_tp_shortening_manual_initiation_review
9,0.3,0.8571428571428572,10701.0,1084.999999999998,inferred_from_current_max_available_Gc,0.1974885593630315,0.1824447713564421,1952.341498285287,0.8175552286435579,ok,extreme_tp_correction_lt_0p3,unlikely_explained_by_initiation_timing_alone
9,0.4,1.3333333333333335,10701.0,1084.999999999998,inferred_from_current_max_available_Gc,0.1974885593630315,0.1039955673545058,1112.8565662605665,0.8960044326454942,ok,extreme_tp_correction_lt_0p3,unlikely_explained_by_initiation_timing_alone
10,0.1,0.22222222222222224,10406.0,1125.999999999998,inferred_from_current_max_available_Gc,0.2094984605192595,0.9369055249429273,9749.438892556102,0.06309447505707266,ok,plausible_tp_correction_0p6_to_1p0,possibly_explainable_by_fracture_initiation_timing_review_stage1_old_ppt_reference_0p67
10,0.15,0.35294117647058826,10406.0,1125.999999999998,inferred_from_current_max_available_Gc,0.2094984605192595,0.557265597521307,5798.905807806721,0.442734402478693,ok,aggressive_tp_correction_0p3_to_0p6,requires_aggressive_tp_shortening_manual_initiation_review
10,0.2,0.5,10406.0,1125.999999999998,inferred_from_current_max_available_Gc,0.2094984605192595,0.37254931441363986,3876.7481657883363,0.6274506855863602,ok,aggressive_tp_correction_0p3_to_0p6,requires_aggressive_tp_shortening_manual_initiation_review
10,0.3,0.8571428571428572,10406.0,1125.999999999998,inferred_from_current_max_available_Gc,0.2094984605192595,0.19470657455413737,2026.1166148103534,0.8052934254458626,ok,extreme_tp_correction_lt_0p3,unlikely_explained_by_initiation_timing_alone
10,0.4,1.3333333333333335,10406.0,1125.999999999998,inferred_from_current_max_available_Gc,0.2094984605192595,0.11098493279837651,1154.909210699906,0.8890150672016235,ok,extreme_tp_correction_lt_0p3,unlikely_explained_by_initiation_timing_alone
11,0.1,0.22222222222222224,9946.0,841.9999999999987,inferred_from_current_max_available_Gc,0.1675054026521898,0.7330015072092889,7290.432990703587,0.2669984927907111,ok,plausible_tp_correction_0p6_to_1p0,possibly_explainable_by_fracture_initiation_timing_review_stage1_old_ppt_reference_0p67
11,0.15,0.35294117647058826,9946.0,841.9999999999987,inferred_from_current_max_available_Gc,0.1675054026521898,0.4359847519565923,4336.304342960267,0.5640152480434077,ok,aggressive_tp_correction_0p3_to_0p6,requires_aggressive_tp_shortening_manual_initiation_review
11,0.2,0.5,9946.0,841.9999999999987,inferred_from_current_max_available_Gc,0.1675054026521898,0.2914693122250723,2898.953779390569,0.7085306877749278,ok,extreme_tp_correction_lt_0p3,unlikely_explained_by_initiation_timing_alone
11,0.3,0.8571428571428572,9946.0,841.9999999999987,inferred_from_current_max_available_Gc,0.1675054026521898,0.15233148787380077,1515.0889783928224,0.8476685121261992,ok,extreme_tp_correction_lt_0p3,unlikely_explained_by_initiation_timing_alone
11,0.4,1.3333333333333335,9946.0,841.9999999999987,inferred_from_current_max_available_Gc,0.1675054026521898,0.08683065779090939,863.6177223883848,0.9131693422090906,ok,extreme_tp_correction_lt_0p3,unlikely_explained_by_initiation_timing_alone
12,0.1,0.22222222222222224,10767.0,1046.9999999999993,inferred_from_current_max_available_Gc,0.1901182239968637,0.8419633737540461,9065.419645209813,0.15803662624595394,ok,plausible_tp_correction_0p6_to_1p0,possibly_explainable_by_fracture_initiation_timing_review_stage1_old_ppt_reference_0p67
12,0.15,0.35294117647058826,10767.0,1046.9999999999993,inferred_from_current_max_available_Gc,0.1901182239968637,0.500794594625414,5392.055400331832,0.499205405374586,ok,aggressive_tp_correction_0p3_to_0p6,requires_aggressive_tp_shortening_manual_initiation_review
12,0.2,0.5,10767.0,1046.9999999999993,inferred_from_current_max_available_Gc,0.1901182239968637,0.3347966996699831,3604.756065346708,0.6652033003300168,ok,aggressive_tp_correction_0p3_to_0p6,requires_aggressive_tp_shortening_manual_initiation_review
12,0.3,0.8571428571428572,10767.0,1046.9999999999993,inferred_from_current_max_available_Gc,0.1901182239968637,0.17497581136975526,1883.9645610181549,0.8250241886302447,ok,extreme_tp_correction_lt_0p3,unlikely_explained_by_initiation_timing_alone
12,0.4,1.3333333333333335,10767.0,1046.9999999999993,inferred_from_current_max_available_Gc,0.1901182239968637,0.09973817633371253,1073.8809445850827,0.9002618236662875,ok,extreme_tp_correction_lt_0p3,unlikely_explained_by_initiation_timing_alone
13,0.1,0.22222222222222224,10184.0,1040.9999999999982,inferred_from_current_max_available_Gc,0.1989515859735388,0.8850617455123161,9013.468816297427,0.11493825448768391,ok,plausible_tp_correction_0p6_to_1p0,possibly_explainable_by_fracture_initiation_timing_review_stage1_old_ppt_reference_0p67
13,0.15,0.35294117647058826,10184.0,1040.9999999999982,inferred_from_current_max_available_Gc,0.1989515859735388,0.5264292389419056,5361.155369384367,0.47357076105809437,ok,aggressive_tp_correction_0p3_to_0p6,requires_aggressive_tp_shortening_manual_initiation_review
13,0.2,0.5,10184.0,1040.9999999999982,inferred_from_current_max_available_Gc,0.1989515859735388,0.35193425348242935,3584.0984374650607,0.6480657465175707,ok,aggressive_tp_correction_0p3_to_0p6,requires_aggressive_tp_shortening_manual_initiation_review
13,0.3,0.8571428571428572,10184.0,1040.9999999999982,inferred_from_current_max_available_Gc,0.1989515859735388,0.1839324629322751,1873.1682025022897,0.8160675370677248,ok,extreme_tp_correction_lt_0p3,unlikely_explained_by_initiation_timing_alone
13,0.4,1.3333333333333335,10184.0,1040.9999999999982,inferred_from_current_max_available_Gc,0.1989515859735388,0.10484356824993846,1067.7268990573732,0.8951564317500615,ok,extreme_tp_correction_lt_0p3,unlikely_explained_by_initiation_timing_alone
14,0.1,0.22222222222222224,10120.0,1130.9999999999986,inferred_from_current_max_available_Gc,0.2157157607779413,0.9676611907097913,9792.731249983088,0.032338809290208714,ok,plausible_tp_correction_0p6_to_1p0,possibly_explainable_by_fracture_initiation_timing_review_stage1_old_ppt_reference_0p67
14,0.15,0.35294117647058826,10120.0,1130.9999999999986,inferred_from_current_max_available_Gc,0.2157157607779413,0.5755588768375766,5824.6558335962745,0.42444112316242344,ok,aggressive_tp_correction_0p3_to_0p6,requires_aggressive_tp_shortening_manual_initiation_review
14,0.2,0.5,10120.0,1130.9999999999986,inferred_from_current_max_available_Gc,0.2157157607779413,0.3847789383092597,3893.9628556897082,0.6152210616907403,ok,aggressive_tp_correction_0p3_to_0p6,requires_aggressive_tp_shortening_manual_initiation_review
14,0.3,0.8571428571428572,10120.0,1130.9999999999986,inferred_from_current_max_available_Gc,0.2157157607779413,0.20109817986563644,2035.1135802402407,0.7989018201343636,ok,extreme_tp_correction_lt_0p3,unlikely_explained_by_initiation_timing_alone
14,0.4,1.3333333333333335,10120.0,1130.9999999999986,inferred_from_current_max_available_Gc,0.2157157607779413,0.11462821956254912,1160.037581972997,0.8853717804374509,ok,extreme_tp_correction_lt_0p3,unlikely_explained_by_initiation_timing_alone
15,0.1,0.22222222222222224,10420.0,1178.9999999999993,inferred_from_current_max_available_Gc,0.2181389607742584,0.9796869367833121,10208.337881282112,0.02031306321668791,ok,plausible_tp_correction_0p6_to_1p0,possibly_explainable_by_fracture_initiation_timing_review_stage1_old_ppt_reference_0p67
15,0.15,0.35294117647058826,10420.0,1178.9999999999993,inferred_from_current_max_available_Gc,0.2181389607742584,0.5827117160437583,6071.856081175961,0.41728828395624173,ok,aggressive_tp_correction_0p3_to_0p6,requires_aggressive_tp_shortening_manual_initiation_review
15,0.2,0.5,10420.0,1178.9999999999993,inferred_from_current_max_available_Gc,0.2181389607742584,0.38956083289278837,4059.2238787428546,0.6104391671072116,ok,aggressive_tp_correction_0p3_to_0p6,requires_aggressive_tp_shortening_manual_initiation_review
15,0.3,0.8571428571428572,10420.0,1178.9999999999993,inferred_from_current_max_available_Gc,0.2181389607742584,0.20359735588936168,2121.4844483671486,0.7964026441106383,ok,extreme_tp_correction_lt_0p3,unlikely_explained_by_initiation_timing_alone
15,0.4,1.3333333333333335,10420.0,1178.9999999999993,inferred_from_current_max_available_Gc,0.2181389607742584,0.11605277794574505,1209.2699461946634,0.8839472220542549,ok,extreme_tp_correction_lt_0p3,unlikely_explained_by_initiation_timing_alone
16,0.1,0.22222222222222224,11096.0,1064.9999999999984,inferred_from_current_max_available_Gc,0.187870641539923,0.8310447126844752,9221.272131946936,0.16895528731552478,ok,plausible_tp_correction_0p6_to_1p0,possibly_explainable_by_fracture_initiation_timing_review_stage1_old_ppt_reference_0p67
16,0.15,0.35294117647058826,11096.0,1064.9999999999984,inferred_from_current_max_available_Gc,0.187870641539923,0.49430024271577233,5484.75549317421,0.5056997572842277,ok,aggressive_tp_correction_0p3_to_0p6,requires_aggressive_tp_shortening_manual_initiation_review
16,0.2,0.5,11096.0,1064.9999999999984,inferred_from_current_max_available_Gc,0.187870641539923,0.33045502424221646,3666.728948991634,0.6695449757577836,ok,aggressive_tp_correction_0p3_to_0p6,requires_aggressive_tp_shortening_manual_initiation_review
16,0.3,0.8571428571428572,11096.0,1064.9999999999984,inferred_from_current_max_available_Gc,0.187870641539923,0.17270670841436045,1916.3536365657435,0.8272932915856396,ok,extreme_tp_correction_lt_0p3,unlikely_explained_by_initiation_timing_alone
16,0.4,1.3333333333333335,11096.0,1064.9999999999984,inferred_from_current_max_available_Gc,0.187870641539923,0.09844476218170571,1092.3430811682065,0.9015552378182943,ok,extreme_tp_correction_lt_0p3,unlikely_explained_by_initiation_timing_alone
17,0.1,0.22222222222222224,15340.0,907.9999999999982,inferred_from_current_max_available_Gc,0.1203743538717661,0.5125092639334897,7861.892108739732,0.4874907360665103,ok,aggressive_tp_correction_0p3_to_0p6,requires_aggressive_tp_shortening_manual_initiation_review
17,0.15,0.35294117647058826,15340.0,907.9999999999982,inferred_from_current_max_available_Gc,0.1203743538717661,0.30483733268463675,4676.204683382328,0.6951626673153632,ok,aggressive_tp_correction_0p3_to_0p6,requires_aggressive_tp_shortening_manual_initiation_review
17,0.2,0.5,15340.0,907.9999999999982,inferred_from_current_max_available_Gc,0.1203743538717661,0.20379319987540026,3126.18768608864,0.7962068001245998,ok,extreme_tp_correction_lt_0p3,unlikely_explained_by_initiation_timing_alone
17,0.3,0.8571428571428572,15340.0,907.9999999999982,inferred_from_current_max_available_Gc,0.1203743538717661,0.106509056197348,1633.8489220673184,0.893490943802652,ok,extreme_tp_correction_lt_0p3,unlikely_explained_by_initiation_timing_alone
17,0.4,1.3333333333333335,15340.0,907.9999999999982,inferred_from_current_max_available_Gc,0.1203743538717661,0.06071135744414436,931.3122231931745,0.9392886425558556,ok,extreme_tp_correction_lt_0p3,unlikely_explained_by_initiation_timing_alone
18,0.1,0.22222222222222224,10353.0,1056.999999999999,inferred_from_current_max_available_Gc,0.1987337577068303,0.8839953984413961,9152.004360063773,0.11600460155860393,ok,plausible_tp_correction_0p6_to_1p0,possibly_explainable_by_fracture_initiation_timing_review_stage1_old_ppt_reference_0p67
18,0.15,0.35294117647058826,10353.0,1056.999999999999,inferred_from_current_max_available_Gc,0.1987337577068303,0.525794982315361,5443.555451910933,0.47420501768463896,ok,aggressive_tp_correction_0p3_to_0p6,requires_aggressive_tp_shortening_manual_initiation_review
18,0.2,0.5,10353.0,1056.999999999999,inferred_from_current_max_available_Gc,0.1987337577068303,0.35151023328015507,3639.1854451494455,0.6484897667198449,ok,aggressive_tp_correction_0p3_to_0p6,requires_aggressive_tp_shortening_manual_initiation_review
18,0.3,0.8571428571428572,10353.0,1056.999999999999,inferred_from_current_max_available_Gc,0.1987337577068303,0.18371085597198172,1901.9584918779267,0.8162891440280182,ok,extreme_tp_correction_lt_0p3,unlikely_explained_by_initiation_timing_alone
18,0.4,1.3333333333333335,10353.0,1056.999999999999,inferred_from_current_max_available_Gc,0.1987337577068303,0.10471724979535041,1084.1376871312627,0.8952827502046496,ok,extreme_tp_correction_lt_0p3,unlikely_explained_by_initiation_timing_alone
19,0.1,0.22222222222222224,10596.0,1056.9999999999993,inferred_from_current_max_available_Gc,0.1945855317108041,0.8637225707874457,9152.004360063775,0.13627742921255426,ok,plausible_tp_correction_0p6_to_1p0,possibly_explainable_by_fracture_initiation_timing_review_stage1_old_ppt_reference_0p67
19,0.15,0.35294117647058826,10596.0,1056.9999999999993,inferred_from_current_max_available_Gc,0.1945855317108041,0.5137368301161697,5443.555451910934,0.48626316988383034,ok,aggressive_tp_correction_0p3_to_0p6,requires_aggressive_tp_shortening_manual_initiation_review
19,0.2,0.5,10596.0,1056.9999999999993,inferred_from_current_max_available_Gc,0.1945855317108041,0.3434489850084415,3639.1854451494464,0.6565510149915585,ok,aggressive_tp_correction_0p3_to_0p6,requires_aggressive_tp_shortening_manual_initiation_review
19,0.3,0.8571428571428572,10596.0,1056.9999999999993,inferred_from_current_max_available_Gc,0.1945855317108041,0.1794977814154329,1901.9584918779271,0.8205022185845671,ok,extreme_tp_correction_lt_0p3,unlikely_explained_by_initiation_timing_alone
19,0.4,1.3333333333333335,10596.0,1056.9999999999993,inferred_from_current_max_available_Gc,0.1945855317108041,0.10231575001238798,1084.137687131263,0.897684249987612,ok,extreme_tp_correction_lt_0p3,unlikely_explained_by_initiation_timing_alone
20,0.1,0.22222222222222224,10322.0,844.9999999999991,inferred_from_current_max_available_Gc,0.1624292225840667,0.7088169352024588,7316.40840515978,0.2911830647975412,ok,plausible_tp_correction_0p6_to_1p0,possibly_explainable_by_fracture_initiation_timing_review_stage1_old_ppt_reference_0p67
20,0.15,0.35294117647058826,10322.0,844.9999999999991,inferred_from_current_max_available_Gc,0.1624292225840667,0.42159991846870754,4351.754358433999,0.5784000815312924,ok,aggressive_tp_correction_0p3_to_0p6,requires_aggressive_tp_shortening_manual_initiation_review
20,0.2,0.5,10322.0,844.9999999999991,inferred_from_current_max_available_Gc,0.1624292225840667,0.2818526054380344,2909.282593331391,0.7181473945619656,ok,extreme_tp_correction_lt_0p3,unlikely_explained_by_initiation_timing_alone
20,0.3,0.8571428571428572,10322.0,844.9999999999991,inferred_from_current_max_available_Gc,0.1624292225840667,0.1473054793306292,1520.4871576507546,0.8526945206693708,ok,extreme_tp_correction_lt_0p3,unlikely_explained_by_initiation_timing_alone
20,0.4,1.3333333333333335,10322.0,844.9999999999991,inferred_from_current_max_available_Gc,0.1624292225840667,0.08396577651155196,866.6947451522393,0.916034223488448,ok,extreme_tp_correction_lt_0p3,unlikely_explained_by_initiation_timing_alone
21,0.1,0.22222222222222224,13886.0,1042.9999999999977,inferred_from_current_max_available_Gc,0.1500670500940531,0.6503518478516646,9030.785759268214,0.34964815214833544,ok,plausible_tp_correction_0p6_to_1p0,possibly_explainable_by_fracture_initiation_timing_review_stage1_old_ppt_reference_0p67
21,0.15,0.35294117647058826,13886.0,1042.9999999999977,inferred_from_current_max_available_Gc,0.1500670500940531,0.38682524698978715,5371.4553797001845,0.6131747530102128,ok,aggressive_tp_correction_0p3_to_0p6,requires_aggressive_tp_shortening_manual_initiation_review
21,0.2,0.5,13886.0,1042.9999999999977,inferred_from_current_max_available_Gc,0.1500670500940531,0.2586046603359936,3590.984313425607,0.7413953396640064,ok,extreme_tp_correction_lt_0p3,unlikely_explained_by_initiation_timing_alone
21,0.3,0.8571428571428572,13886.0,1042.9999999999977,inferred_from_current_max_available_Gc,0.1500670500940531,0.13515533549432834,1876.7669886742433,0.8648446645056717,ok,extreme_tp_correction_lt_0p3,unlikely_explained_by_initiation_timing_alone
21,0.4,1.3333333333333335,13886.0,1042.9999999999977,inferred_from_current_max_available_Gc,0.1500670500940531,0.07704005815689247,1069.7782475666088,0.9229599418431076,ok,extreme_tp_correction_lt_0p3,unlikely_explained_by_initiation_timing_alone
22,0.1,0.22222222222222224,10483.0,1023.9999999999981,inferred_from_current_max_available_Gc,0.1909022081851622,0.8457764762993123,8866.27480104569,0.1542235237006877,ok,plausible_tp_correction_0p6_to_1p0,possibly_explainable_by_fracture_initiation_timing_review_stage1_old_ppt_reference_0p67
22,0.15,0.35294117647058826,10483.0,1023.9999999999981,inferred_from_current_max_available_Gc,0.1909022081851622,0.5030626043785076,5273.605281699895,0.4969373956214924,ok,aggressive_tp_correction_0p3_to_0p6,requires_aggressive_tp_shortening_manual_initiation_review
22,0.2,0.5,10483.0,1023.9999999999981,inferred_from_current_max_available_Gc,0.1909022081851622,0.33631293444628496,3525.5684918004054,0.663687065553715,ok,aggressive_tp_correction_0p3_to_0p6,requires_aggressive_tp_shortening_manual_initiation_review
22,0.3,0.8571428571428572,10483.0,1023.9999999999981,inferred_from_current_max_available_Gc,0.1909022081851622,0.17576824573506405,1842.5785200406765,0.824231754264936,ok,extreme_tp_correction_lt_0p3,unlikely_explained_by_initiation_timing_alone
22,0.4,1.3333333333333335,10483.0,1023.9999999999981,inferred_from_current_max_available_Gc,0.1909022081851622,0.10018987281587967,1050.2904367288666,0.8998101271841203,ok,extreme_tp_correction_lt_0p3,unlikely_explained_by_initiation_timing_alone
23,0.1,0.22222222222222224,10112.0,1335.9999999999982,inferred_from_current_max_available_Gc,0.2508196567663102,1.0,10112.0,0.0,already_reachable,current_reachable,current_valid_window_already_reaches_target_Gc
23,0.15,0.35294117647058826,10112.0,1335.9999999999982,inferred_from_current_max_available_Gc,0.2508196567663102,0.6804199852618508,6880.406890967835,0.31958001473814923,ok,plausible_tp_correction_0p6_to_1p0,possibly_explainable_by_fracture_initiation_timing_review_stage1_old_ppt_reference_0p67
23,0.2,0.5,10112.0,1335.9999999999982,inferred_from_current_max_available_Gc,0.2508196567663102,0.45488183758364753,4599.765141645844,0.5451181624163525,ok,aggressive_tp_correction_0p3_to_0p6,requires_aggressive_tp_shortening_manual_initiation_review
23,0.3,0.8571428571428572,10112.0,1335.9999999999982,inferred_from_current_max_available_Gc,0.2508196567663102,0.23773627006186426,2403.9891628655714,0.7622637299381357,ok,extreme_tp_correction_lt_0p3,unlikely_explained_by_initiation_timing_alone
23,0.4,1.3333333333333335,10112.0,1335.9999999999982,inferred_from_current_max_available_Gc,0.2508196567663102,0.13551234218450295,1370.3008041696937,0.8644876578154971,ok,extreme_tp_correction_lt_0p3,unlikely_explained_by_initiation_timing_alone
24,0.1,0.22222222222222224,8521.0,1186.9999999999986,inferred_from_current_max_available_Gc,0.2629976789245283,1.0,8521.0,0.0,already_reachable,current_reachable,current_valid_window_already_reaches_target_Gc
24,0.15,0.35294117647058826,8521.0,1186.9999999999986,inferred_from_current_max_available_Gc,0.2629976789245283,0.7174106469239806,6113.056122439239,0.2825893530760194,ok,plausible_tp_correction_0p6_to_1p0,possibly_explainable_by_fracture_initiation_timing_review_stage1_old_ppt_reference_0p67
24,0.2,0.5,8521.0,1186.9999999999986,inferred_from_current_max_available_Gc,0.2629976789245283,0.47961124076810735,4086.767382585043,0.5203887592318927,ok,aggressive_tp_correction_0p3_to_0p6,requires_aggressive_tp_shortening_manual_initiation_review
24,0.3,0.8571428571428572,8521.0,1186.9999999999986,inferred_from_current_max_available_Gc,0.2629976789245283,0.2506606728148064,2135.8795930549654,0.7493393271851936,ok,extreme_tp_correction_lt_0p3,unlikely_explained_by_initiation_timing_alone
24,0.4,1.3333333333333335,8521.0,1186.9999999999986,inferred_from_current_max_available_Gc,0.2629976789245283,0.1428793968115957,1217.4753402316069,0.8571206031884043,ok,extreme_tp_correction_lt_0p3,unlikely_explained_by_initiation_timing_alone
25,0.1,0.22222222222222224,,,missing,,,,,missing_inputs,missing_inputs,missing_inputs_or_not_computed
25,0.15,0.35294117647058826,,,missing,,,,,missing_inputs,missing_inputs,missing_inputs_or_not_computed
25,0.2,0.5,,,missing,,,,,missing_inputs,missing_inputs,missing_inputs_or_not_computed
25,0.3,0.8571428571428572,,,missing,,,,,missing_inputs,missing_inputs,missing_inputs_or_not_computed
25,0.4,1.3333333333333335,,,missing,,,,,missing_inputs,missing_inputs,missing_inputs_or_not_computed
26,0.1,0.22222222222222224,10216.0,1076.9999999999998,inferred_from_current_max_available_Gc,0.2046052500348547,0.9128008799698222,9325.173789771703,0.08719912003017782,ok,plausible_tp_correction_0p6_to_1p0,possibly_explainable_by_fracture_initiation_timing_review_stage1_old_ppt_reference_0p67
26,0.15,0.35294117647058826,10216.0,1076.9999999999998,inferred_from_current_max_available_Gc,0.2046052500348547,0.5429283041375428,5546.555555069137,0.4570716958624572,ok,aggressive_tp_correction_0p3_to_0p6,requires_aggressive_tp_shortening_manual_initiation_review
26,0.2,0.5,10216.0,1076.9999999999998,inferred_from_current_max_available_Gc,0.2046052500348547,0.3629643896588611,3708.0442047549245,0.637035610341139,ok,aggressive_tp_correction_0p3_to_0p6,requires_aggressive_tp_shortening_manual_initiation_review
26,0.3,0.8571428571428572,10216.0,1076.9999999999998,inferred_from_current_max_available_Gc,0.2046052500348547,0.18969717635057484,1937.9463535974726,0.8103028236494252,ok,extreme_tp_correction_lt_0p3,unlikely_explained_by_initiation_timing_alone
26,0.4,1.3333333333333335,10216.0,1076.9999999999998,inferred_from_current_max_available_Gc,0.2046052500348547,0.1081295195990235,1104.6511722236241,0.8918704804009765,ok,extreme_tp_correction_lt_0p3,unlikely_explained_by_initiation_timing_alone
27,0.1,0.22222222222222224,10138.0,1263.9999999999977,inferred_from_current_max_available_Gc,0.2380936910129985,1.0,10138.0,0.0,already_reachable,current_reachable,current_valid_window_already_reaches_target_Gc
27,0.15,0.35294117647058826,10138.0,1263.9999999999977,inferred_from_current_max_available_Gc,0.2380936910129985,0.6420996764251635,6509.606519598307,0.3579003235748365,ok,plausible_tp_correction_0p6_to_1p0,possibly_explainable_by_fracture_initiation_timing_review_stage1_old_ppt_reference_0p67
27,0.2,0.5,10138.0,1263.9999999999977,inferred_from_current_max_available_Gc,0.2380936910129985,0.429263524074386,4351.873607066125,0.5707364759256139,ok,aggressive_tp_correction_0p3_to_0p6,requires_aggressive_tp_shortening_manual_initiation_review
27,0.3,0.8571428571428572,10138.0,1263.9999999999977,inferred_from_current_max_available_Gc,0.2380936910129985,0.22434729341834783,2274.43286067521,0.7756527065816522,ok,extreme_tp_correction_lt_0p3,unlikely_explained_by_initiation_timing_alone
27,0.4,1.3333333333333335,10138.0,1263.9999999999977,inferred_from_current_max_available_Gc,0.2380936910129985,0.1278804752256061,1296.4522578371948,0.8721195247743939,ok,extreme_tp_correction_lt_0p3,unlikely_explained_by_initiation_timing_alone
28,0.1,0.22222222222222224,10213.0,1072.9999999999982,inferred_from_current_max_available_Gc,0.203969947967582,0.9096778521325863,9290.539903830104,0.09032214786741366,ok,plausible_tp_correction_0p6_to_1p0,possibly_explainable_by_fracture_initiation_timing_review_stage1_old_ppt_reference_0p67
28,0.15,0.35294117647058826,10213.0,1072.9999999999982,inferred_from_current_max_available_Gc,0.203969947967582,0.5410707465423958,5525.9555344374885,0.45892925345760416,ok,aggressive_tp_correction_0p3_to_0p6,requires_aggressive_tp_shortening_manual_initiation_review
28,0.2,0.5,10213.0,1072.9999999999982,inferred_from_current_max_available_Gc,0.203969947967582,0.36172255486476296,3694.272452833824,0.6382774451352371,ok,aggressive_tp_correction_0p3_to_0p6,requires_aggressive_tp_shortening_manual_initiation_review
28,0.3,0.8571428571428572,10213.0,1072.9999999999982,inferred_from_current_max_available_Gc,0.203969947967582,0.18904815247758355,1930.7487812535608,0.8109518475224164,ok,extreme_tp_correction_lt_0p3,unlikely_explained_by_initiation_timing_alone
28,0.4,1.3333333333333335,10213.0,1072.9999999999982,inferred_from_current_max_available_Gc,0.203969947967582,0.10775956870705478,1100.5484752051505,0.8922404312929453,ok,extreme_tp_correction_lt_0p3,unlikely_explained_by_initiation_timing_alone
29,0.1,0.22222222222222224,28745.0,1086.999999999998,inferred_from_current_max_available_Gc,0.079104268982361,0.3274224562402383,9411.75850462565,0.6725775437597616,ok,aggressive_tp_correction_0p3_to_0p6,requires_aggressive_tp_shortening_manual_initiation_review
29,0.15,0.35294117647058826,28745.0,1086.999999999998,inferred_from_current_max_available_Gc,0.079104268982361,0.19474884698724051,5598.055606648229,0.8052511530127595,ok,extreme_tp_correction_lt_0p3,unlikely_explained_by_initiation_timing_alone
29,0.2,0.5,28745.0,1086.999999999998,inferred_from_current_max_available_Gc,0.079104268982361,0.13019563696495587,3742.4735845576565,0.8698043630350442,ok,extreme_tp_correction_lt_0p3,unlikely_explained_by_initiation_timing_alone
29,0.3,0.8571428571428572,28745.0,1086.999999999998,inferred_from_current_max_available_Gc,0.079104268982361,0.06804453937927436,1955.9402844572417,0.9319554606207257,ok,extreme_tp_correction_lt_0p3,unlikely_explained_by_initiation_timing_alone
29,0.4,1.3333333333333335,28745.0,1086.999999999998,inferred_from_current_max_available_Gc,0.079104268982361,,,,unreachable_even_at_min_multiplier,unreachable_even_at_0p05,not_reachable_even_if_tp_is_shortened_to_5pct
30,0.1,0.22222222222222224,9981.0,1198.9999999999989,inferred_from_current_max_available_Gc,0.2302526633975034,1.0,9981.0,0.0,already_reachable,current_reachable,current_valid_window_already_reaches_target_Gc
30,0.15,0.35294117647058826,9981.0,1198.9999999999989,inferred_from_current_max_available_Gc,0.2302526633975034,0.6186610744749184,6174.85618433416,0.38133892552508164,ok,plausible_tp_correction_0p6_to_1p0,possibly_explainable_by_fracture_initiation_timing_review_stage1_old_ppt_reference_0p67
30,0.2,0.5,9981.0,1198.9999999999989,inferred_from_current_max_available_Gc,0.2302526633975034,0.4135940926107935,4128.08263834833,0.5864059073892065,ok,aggressive_tp_correction_0p3_to_0p6,requires_aggressive_tp_shortening_manual_initiation_review
30,0.3,0.8571428571428572,9981.0,1198.9999999999989,inferred_from_current_max_available_Gc,0.2302526633975034,0.21615793107771694,2157.4723100866927,0.783842068922283,ok,extreme_tp_correction_lt_0p3,unlikely_explained_by_initiation_timing_alone
30,0.4,1.3333333333333335,9981.0,1198.9999999999989,inferred_from_current_max_available_Gc,0.2302526633975034,0.12321244677757977,1229.7834312870236,0.8767875532224202,ok,extreme_tp_correction_lt_0p3,unlikely_explained_by_initiation_timing_alone
